Table,key,Field,Order,Required
DEMOGRAPHIC,PATID,PATID,1,Y
DEMOGRAPHIC,BIRTHDATE,BIRTH_DATE,2,N
DEMOGRAPHIC,BIRTHTIME,BIRTH_TIME,3,N
DEMOGRAPHIC,SEX,SEX,4,N
DEMOGRAPHIC,SEXUALORIENTATION,SEXUAL_ORIENTATION,5,N
DEMOGRAPHIC,GENDERIDENTITY,GENDER_IDENTITY,6,N
DEMOGRAPHIC,HISPANIC,HISPANIC,7,N
DEMOGRAPHIC,RACE,RACE,8,N
DEMOGRAPHIC,BIOBANKFLAG,BIOBANK_FLAG,9,N
DEMOGRAPHIC,PATPREFLANGUAGESPOKEN,PAT_PREF_LANGUAGE_SPOKEN,10,N
DEMOGRAPHIC,RSEX,RAW_SEX,11,N
DEMOGRAPHIC,RSEXUALORIENTATION,RAW_SEXUAL_ORIENTATION,12,N
DEMOGRAPHIC,RGENDERIDENTITY,RAW_GENDER_IDENTITY,13,N
DEMOGRAPHIC,RHISPANIC,RAW_HISPANIC,14,N
DEMOGRAPHIC,RRACE,RAW_RACE,15,N
DEMOGRAPHIC,RPATPREFLANGUAGESPOKEN,RAW_PAT_PREF_LANGUAGE_SPOKEN,16,N
DEMOGRAPHIC,ZIPCODE,ZIP_CODE,17,N
DEMOGRAPHIC,RUCACODE,RUCA_CODE,18,N
ENROLLMENT,PATID,PATID,1,Y
ENROLLMENT,ENRSTARTDATE,ENR_START_DATE,2,Y
ENROLLMENT,ENRENDDATE,ENR_END_DATE,3,Y
ENROLLMENT,CHART,CHART,4,N
ENROLLMENT,ENRBASIS,ENR_BASIS,5,Y
ENCOUNTER,ENCOUNTERID,ENCOUNTERID,1,Y
ENCOUNTER,PATID,PATID,2,Y
ENCOUNTER,ADMITDATE,ADMIT_DATE,3,Y
ENCOUNTER,ADMITTIME,ADMIT_TIME,4,N
ENCOUNTER,DISCHARGEDATE,DISCHARGE_DATE,5,N
ENCOUNTER,DISCHARGETIME,DISCHARGE_TIME,6,N
ENCOUNTER,PROVIDERID,PROVIDERID,7,N
ENCOUNTER,FACILITYLOCATION,FACILITY_LOCATION,8,N
ENCOUNTER,ENCTYPE,ENC_TYPE,9,Y
ENCOUNTER,FACILITYID,FACILITYID,10,N
ENCOUNTER,DISCHARGEDISPOSITION,DISCHARGE_DISPOSITION,11,N
ENCOUNTER,DISCHARGESTATUS,DISCHARGE_STATUS,12,N
ENCOUNTER,DRG,DRG,13,N
ENCOUNTER,DRGTYPE,DRG_TYPE,14,N
ENCOUNTER,ADMITTINGSOURCE,ADMITTING_SOURCE,15,N
ENCOUNTER,PAYERTYPEPRIMARY,PAYER_TYPE_PRIMARY,16,N
ENCOUNTER,PAYERTYPESECONDARY,PAYER_TYPE_SECONDARY,17,N
ENCOUNTER,FACILITYTYPE,FACILITY_TYPE,18,N
ENCOUNTER,RSITEID,RAW_SITEID,19,N
ENCOUNTER,RENCTYPE,RAW_ENC_TYPE,20,N
ENCOUNTER,RDISCHARGEDISPOSITION,RAW_DISCHARGE_DISPOSITION,21,N
ENCOUNTER,RDISCHARGESTATUS,RAW_DISCHARGE_STATUS,22,N
ENCOUNTER,RDRGTYPE,RAW_DRG_TYPE,23,N
ENCOUNTER,RADMITTINGSOURCE,RAW_ADMITTING_SOURCE,24,N
ENCOUNTER,RFACILITYTYPE,RAW_FACILITY_TYPE,25,N
ENCOUNTER,RPAYERTYPEPRIMARY,RAW_PAYER_TYPE_PRIMARY,26,N
ENCOUNTER,RPAYERNAMEPRIMARY,RAW_PAYER_NAME_PRIMARY,27,N
ENCOUNTER,RPAYERIDPRIMARY,RAW_PAYER_ID_PRIMARY,28,N
ENCOUNTER,RPAYERTYPESECONDARY,RAW_PAYER_TYPE_SECONDARY,29,N
ENCOUNTER,RPAYERNAMESECONDARY,RAW_PAYER_NAME_SECONDARY,30,N
ENCOUNTER,RPAYERIDSECONDARY,RAW_PAYER_ID_SECONDARY,31,N
DIAGNOSIS,DIAGNOSISID,DIAGNOSISID,1,Y
DIAGNOSIS,PATID,PATID,2,Y
DIAGNOSIS,ENCOUNTERID,ENCOUNTERID,3,N
DIAGNOSIS,ENCTYPE,ENC_TYPE,4,N
DIAGNOSIS,ADMITDATE,ADMIT_DATE,5,N
DIAGNOSIS,PROVIDERID,PROVIDERID,6,N
DIAGNOSIS,DX,DX,7,Y
DIAGNOSIS,DXTYPE,DX_TYPE,8,Y
DIAGNOSIS,DXSOURCE,DX_SOURCE,9,Y
DIAGNOSIS,DXORIGIN,DX_ORIGIN,10,N
DIAGNOSIS,PDX,PDX,11,N
DIAGNOSIS,DXPOA,DX_POA,12,N
DIAGNOSIS,RDX,RAW_DX,13,N
DIAGNOSIS,RDXTYPE,RAW_DX_TYPE,14,N
DIAGNOSIS,RDXSOURCE,RAW_DX_SOURCE,15,N
DIAGNOSIS,RPDX,RAW_PDX,16,N
DIAGNOSIS,RDXPOA,RAW_DX_POA,17,N
PROCEDURES,PROCEDURESID,PROCEDURESID,1,Y
PROCEDURES,PATID,PATID,2,Y
PROCEDURES,ENCOUNTERID,ENCOUNTERID,3,N
PROCEDURES,ENCTYPE,ENC_TYPE,4,N
PROCEDURES,ADMITDATE,ADMIT_DATE,5,N
PROCEDURES,PROVIDERID,PROVIDERID,6,N
PROCEDURES,PXDATE,PX_DATE,7,N
PROCEDURES,PX,PX,8,Y
PROCEDURES,PXTYPE,PX_TYPE,9,Y
PROCEDURES,PXSOURCE,PX_SOURCE,10,N
PROCEDURES,PPX,PPX,11,N
PROCEDURES,RPX,RAW_PX,12,N
PROCEDURES,RPXTYPE,RAW_PX_TYPE,13,N
PROCEDURES,RPPX,RAW_PPX,14,N
VITAL,VITALID,VITALID,1,Y
VITAL,PATID,PATID,2,Y
VITAL,ENCOUNTERID,ENCOUNTERID,3,N
VITAL,MEASUREDATE,MEASURE_DATE,4,Y
VITAL,MEASURETIME,MEASURE_TIME,5,N
VITAL,VITALSOURCE,VITAL_SOURCE,6,Y
VITAL,HT,HT,7,N
VITAL,WT,WT,8,N
VITAL,DIASTOLIC,DIASTOLIC,9,N
VITAL,SYSTOLIC,SYSTOLIC,10,N
VITAL,ORIGINALBMI,ORIGINAL_BMI,11,N
VITAL,BPPOSITION,BP_POSITION,12,N
VITAL,SMOKING,SMOKING,13,N
VITAL,TOBACCO,TOBACCO,14,N
VITAL,TOBACCOTYPE,TOBACCO_TYPE,15,N
VITAL,RDIASTOLIC,RAW_DIASTOLIC,16,N
VITAL,RSYSTOLIC,RAW_SYSTOLIC,17,N
VITAL,RBPPOSITION,RAW_BP_POSITION,18,N
VITAL,RSMOKING,RAW_SMOKING,19,N
VITAL,RTOBACCO,RAW_TOBACCO,20,N
VITAL,RTOBACCOTYPE,RAW_TOBACCO_TYPE,21,N
VITAL,RVITALSOURCE,RAW_VITAL_SOURCE,22,N
DISPENSING,DISPENSINGID,DISPENSINGID,1,Y
DISPENSING,PATID,PATID,2,Y
DISPENSING,PRESCRIBINGID,PRESCRIBINGID,3,N
DISPENSING,DISPENSEDATE,DISPENSE_DATE,4,Y
DISPENSING,NDC,NDC,5,Y
DISPENSING,DISPENSESUP,DISPENSE_SUP,6,N
DISPENSING,DISPENSEAMT,DISPENSE_AMT,7,N
DISPENSING,DISPENSEDOSEDISP,DISPENSE_DOSE_DISP,8,N
DISPENSING,DISPENSEDOSEDISPUNIT,DISPENSE_DOSE_DISP_UNIT,9,N
DISPENSING,DISPENSEROUTE,DISPENSE_ROUTE,10,N
DISPENSING,RNDC,RAW_NDC,11,N
DISPENSING,RDISPENSEDOSEDISP,RAW_DISPENSE_DOSE_DISP,12,N
DISPENSING,RDISPENSEDOSEDISPUNIT,RAW_DISPENSE_DOSE_DISP_UNIT,13,N
DISPENSING,RDISPENSEROUTE,RAW_DISPENSE_ROUTE,14,N
LAB_RESULT_CM,LABRESULTCMID,LAB_RESULT_CM_ID,1,Y
LAB_RESULT_CM,PATID,PATID,2,Y
LAB_RESULT_CM,ENCOUNTERID,ENCOUNTERID,3,N
LAB_RESULT_CM,SPECIMENSOURCE,SPECIMEN_SOURCE,4,N
LAB_RESULT_CM,LABLOINC,LAB_LOINC,5,N
LAB_RESULT_CM,PRIORITY,PRIORITY,6,N
LAB_RESULT_CM,RESULTLOC,RESULT_LOC,7,N
LAB_RESULT_CM,LABPX,LAB_PX,8,N
LAB_RESULT_CM,LABPXTYPE,LAB_PX_TYPE,9,N
LAB_RESULT_CM,LABORDERDATE,LAB_ORDER_DATE,10,N
LAB_RESULT_CM,SPECIMENDATE,SPECIMEN_DATE,11,N
LAB_RESULT_CM,SPECIMENTIME,SPECIMEN_TIME,12,N
LAB_RESULT_CM,RESULTDATE,RESULT_DATE,13,Y
LAB_RESULT_CM,RESULTTIME,RESULT_TIME,14,N
LAB_RESULT_CM,RESULTQUAL,RESULT_QUAL,15,N
LAB_RESULT_CM,RESULTSNOMED,RESULT_SNOMED,16,N
LAB_RESULT_CM,RESULTNUM,RESULT_NUM,17,N
LAB_RESULT_CM,RESULTMODIFIER,RESULT_MODIFIER,18,N
LAB_RESULT_CM,RESULTUNIT,RESULT_UNIT,19,N
LAB_RESULT_CM,NORMRANGELOW,NORM_RANGE_LOW,20,N
LAB_RESULT_CM,NORMMODIFIERLOW,NORM_MODIFIER_LOW,21,N
LAB_RESULT_CM,NORMRANGEHIGH,NORM_RANGE_HIGH,22,N
LAB_RESULT_CM,NORMMODIFIERHIGH,NORM_MODIFIER_HIGH,23,N
LAB_RESULT_CM,ABNIND,ABN_IND,24,N
LAB_RESULT_CM,RLABNAME,RAW_LAB_NAME,25,N
LAB_RESULT_CM,RLABCODE,RAW_LAB_CODE,26,N
LAB_RESULT_CM,RPANEL,RAW_PANEL,27,N
LAB_RESULT_CM,RRESULT,RAW_RESULT,28,N
LAB_RESULT_CM,RUNIT,RAW_UNIT,29,N
LAB_RESULT_CM,RORDERDEPT,RAW_ORDER_DEPT,30,N
LAB_RESULT_CM,RFACILITYCODE,RAW_FACILITY_CODE,31,N
CONDITION,CONDITIONID,CONDITIONID,1,Y
CONDITION,PATID,PATID,2,Y
CONDITION,ENCOUNTERID,ENCOUNTERID,3,N
CONDITION,REPORTDATE,REPORT_DATE,4,N
CONDITION,RESOLVEDATE,RESOLVE_DATE,5,N
CONDITION,ONSETDATE,ONSET_DATE,6,N
CONDITION,CONDITIONSTATUS,CONDITION_STATUS,7,N
CONDITION,CONDITION,CONDITION,8,Y
CONDITION,CONDITIONTYPE,CONDITION_TYPE,9,Y
CONDITION,CONDITIONSOURCE,CONDITION_SOURCE,10,Y
CONDITION,RCONDITIONSTATUS,RAW_CONDITION_STATUS,11,N
CONDITION,RCONDITION,RAW_CONDITION,12,N
CONDITION,RCONDITIONTYPE,RAW_CONDITION_TYPE,13,N
CONDITION,RCONDITIONSOURCE,RAW_CONDITION_SOURCE,14,N
PRO_CM,PROCMID,PRO_CM_ID,1,Y
PRO_CM,PATID,PATID,2,Y
PRO_CM,ENCOUNTERID,ENCOUNTERID,3,N
PRO_CM,PRODATE,PRO_DATE,4,Y
PRO_CM,PROTIME,PRO_TIME,5,N
PRO_CM,PROTYPE,PRO_TYPE,6,N
PRO_CM,PROITEMNAME,PRO_ITEM_NAME,7,N
PRO_CM,PROITEMLOINC,PRO_ITEM_LOINC,8,N
PRO_CM,PRORESPONSETEXT,PRO_RESPONSE_TEXT,9,N
PRO_CM,PRORESPONSENUM,PRO_RESPONSE_NUM,10,N
PRO_CM,PROMETHOD,PRO_METHOD,11,N
PRO_CM,PROMODE,PRO_MODE,12,N
PRO_CM,PROCAT,PRO_CAT,13,N
PRO_CM,PROITEMVERSION,PRO_ITEM_VERSION,14,N
PRO_CM,PROMEASURENAME,PRO_MEASURE_NAME,15,N
PRO_CM,PROMEASURESEQ,PRO_MEASURE_SEQ,16,N
PRO_CM,PROMEASURESCORE,PRO_MEASURE_SCORE,17,N
PRO_CM,PROMEASURETHETA,PRO_MEASURE_THETA,18,N
PRO_CM,PROMEASURESCALEDTSCORE,PRO_MEASURE_SCALED_TSCORE,19,N
PRO_CM,PROMEASURESTANDARDERROR,PRO_MEASURE_STANDARD_ERROR,20,N
PRO_CM,PROMEASURECOUNTSCORED,PRO_MEASURE_COUNT_SCORED,21,N
PRO_CM,PROMEASURELOINC,PRO_MEASURE_LOINC,22,N
PRO_CM,PROMEASUREVERSION,PRO_MEASURE_VERSION,23,N
PRO_CM,PROITEMFULLNAME,PRO_ITEM_FULLNAME,24,N
PRO_CM,PROITEMTEXT,PRO_ITEM_TEXT,25,N
PRO_CM,PROMEASUREFULLNAME,PRO_MEASURE_FULLNAME,26,N
PRO_CM,PROLOINC,PRO_LOINC,27,N
PRO_CM,EVENTCODE,EVENT_CODE,28,N
PRO_CM,PATHCODE,PATH_CODE,29,N
PRO_CM,PRORESPONSEDATE,PRO_RESPONSE_DATE,30,N
PRO_CM,RPROCODE,RAW_PRO_CODE,31,N
PRO_CM,RPRORESPONSE,RAW_PRO_RESPONSE,32,N
PRESCRIBING,PRESCRIBINGID,PRESCRIBINGID,1,Y
PRESCRIBING,PATID,PATID,2,Y
PRESCRIBING,ENCOUNTERID,ENCOUNTERID,3,N
PRESCRIBING,RXPROVIDERID,RX_PROVIDERID,4,N
PRESCRIBING,RXORDERDATE,RX_ORDER_DATE,5,N
PRESCRIBING,RXORDERTIME,RX_ORDER_TIME,6,N
PRESCRIBING,RXSTARTDATE,RX_START_DATE,7,N
PRESCRIBING,RXENDDATE,RX_END_DATE,8,N
PRESCRIBING,RXDOSEORDERED,RX_DOSE_ORDERED,9,N
PRESCRIBING,RXDOSEORDEREDUNIT,RX_DOSE_ORDERED_UNIT,10,N
PRESCRIBING,RXQUANTITY,RX_QUANTITY,11,N
PRESCRIBING,RXDOSEFORM,RX_DOSE_FORM,12,N
PRESCRIBING,RXREFILLS,RX_REFILLS,13,N
PRESCRIBING,RXDAYSSUPPLY,RX_DAYS_SUPPLY,14,N
PRESCRIBING,RXFREQUENCY,RX_FREQUENCY,15,N
PRESCRIBING,RXPRNFLAG,RX_PRN_FLAG,16,N
PRESCRIBING,RXROUTE,RX_ROUTE,17,N
PRESCRIBING,RXBASIS,RX_BASIS,18,N
PRESCRIBING,RXNORMCUI,RXNORM_CUI,19,N
PRESCRIBING,RXSOURCE,RX_SOURCE,20,N
PRESCRIBING,RXDISPENSEASWRITTEN,RX_DISPENSE_AS_WRITTEN,21,N
PRESCRIBING,RRXMEDNAME,RAW_RX_MED_NAME,22,N
PRESCRIBING,RRXFREQUENCY,RAW_RX_FREQUENCY,23,N
PRESCRIBING,RRXNORMCUI,RAW_RXNORM_CUI,24,N
PRESCRIBING,RRXQUANTITY,RAW_RX_QUANTITY,25,N
PRESCRIBING,RRXNDC,RAW_RX_NDC,26,N
PRESCRIBING,RRXDOSEORDERED,RAW_RX_DOSE_ORDERED,27,N
PRESCRIBING,RRXDOSEORDEREDUNIT,RAW_RX_DOSE_ORDERED_UNIT,28,N
PRESCRIBING,RRXROUTE,RAW_RX_ROUTE,29,N
PRESCRIBING,RRXREFILLS,RAW_RX_REFILLS,30,N
PRESCRIBING,RXQUANTITYUNIT,RX_QUANTITY_UNIT,31,N
PCORNET_TRIAL,PATID,PATID,1,Y
PCORNET_TRIAL,TRIALID,TRIALID,2,Y
PCORNET_TRIAL,PARTICIPANTID,PARTICIPANTID,3,Y
PCORNET_TRIAL,TRIALSITEID,TRIAL_SITEID,4,N
PCORNET_TRIAL,TRIALENROLLDATE,TRIAL_ENROLL_DATE,5,N
PCORNET_TRIAL,TRIALENDDATE,TRIAL_END_DATE,6,N
PCORNET_TRIAL,TRIALWITHDRDATE,TRIAL_WITHDRAW_DATE,7,N
PCORNET_TRIAL,TRIALINVITECODE,TRIAL_INVITE_CODE,8,N
DEATH,PATID,PATID,1,Y
DEATH,DEATHDATE,DEATH_DATE,2,N
DEATH,DEATHDATEIMPUTE,DEATH_DATE_IMPUTE,3,N
DEATH,DEATHSOURCE,DEATH_SOURCE,4,Y
DEATH,DEATHMATCHCONFIDENCE,DEATH_MATCH_CONFIDENCE,5,N
DEATH_CAUSE,PATID,PATID,1,Y
DEATH_CAUSE,DEATHCAUSE,DEATH_CAUSE,2,Y
DEATH_CAUSE,DEATHCAUSECODE,DEATH_CAUSE_CODE,3,Y
DEATH_CAUSE,DEATHCAUSETYPE,DEATH_CAUSE_TYPE,4,Y
DEATH_CAUSE,DEATHCAUSESOURCE,DEATH_CAUSE_SOURCE,5,Y
DEATH_CAUSE,DEATHCAUSECONFIDENCE,DEATH_CAUSE_CONFIDENCE,6,N
MED_ADMIN,MEDADMINID,MEDADMINID,1,Y
MED_ADMIN,PATID,PATID,2,Y
MED_ADMIN,ENCOUNTERID,ENCOUNTERID,3,N
MED_ADMIN,PRESCRIBINGID,PRESCRIBINGID,4,N
MED_ADMIN,MEDADMINPROVIDERID,MEDADMIN_PROVIDERID,5,N
MED_ADMIN,MEDADMINSTARTDATE,MEDADMIN_START_DATE,6,Y
MED_ADMIN,MEDADMINSTARTTIME,MEDADMIN_START_TIME,7,N
MED_ADMIN,MEDADMINSTOPDATE,MEDADMIN_STOP_DATE,8,N
MED_ADMIN,MEDADMINSTOPTIME,MEDADMIN_STOP_TIME,9,N
MED_ADMIN,MEDADMINTYPE,MEDADMIN_TYPE,10,N
MED_ADMIN,MEDADMINCODE,MEDADMIN_CODE,11,N
MED_ADMIN,MEDADMINDOSEADMIN,MEDADMIN_DOSE_ADMIN,12,N
MED_ADMIN,MEDADMINDOSEADMINUNIT,MEDADMIN_DOSE_ADMIN_UNIT,13,N
MED_ADMIN,MEDADMINROUTE,MEDADMIN_ROUTE,14,N
MED_ADMIN,MEDADMINSOURCE,MEDADMIN_SOURCE,15,N
MED_ADMIN,RMEDADMINMEDNAME,RAW_MEDADMIN_MED_NAME,16,N
MED_ADMIN,RMEDADMINCODE,RAW_MEDADMIN_CODE,17,N
MED_ADMIN,RMEDADMINDOSEADMIN,RAW_MEDADMIN_DOSE_ADMIN,18,N
MED_ADMIN,RMEDADMINDOSEADMINUNIT,RAW_MEDADMIN_DOSE_ADMIN_UNIT,19,N
MED_ADMIN,RMEDADMINROUTE,RAW_MEDADMIN_ROUTE,20,N
PROVIDER,PROVIDERID,PROVIDERID,1,Y
PROVIDER,PROVIDERSEX,PROVIDER_SEX,2,N
PROVIDER,PROVIDERSPECIALTYPRIMARY,PROVIDER_SPECIALTY_PRIMARY,3,N
PROVIDER,PROVIDERNPI,PROVIDER_NPI,4,N
PROVIDER,PROVIDERNPIFLAG,PROVIDER_NPI_FLAG,5,N
PROVIDER,RPROVIDERSPECIALTYPRIMARY,RAW_PROVIDER_SPECIALTY_PRIMARY,6,N
OBS_CLIN,OBSCLINID,OBSCLINID,1,Y
OBS_CLIN,PATID,PATID,2,Y
OBS_CLIN,ENCOUNTERID,ENCOUNTERID,3,N
OBS_CLIN,OBSCLINPROVIDERID,OBSCLIN_PROVIDERID,4,N
OBS_CLIN,OBSCLINDATE,OBSCLIN_DATE,5,Y
OBS_CLIN,OBSCLINTIME,OBSCLIN_TIME,6,N
OBS_CLIN,OBSCLINTYPE,OBSCLIN_TYPE,7,N
OBS_CLIN,OBSCLINCODE,OBSCLIN_CODE,8,N
OBS_CLIN,OBSCLINRESULTQUAL,OBSCLIN_RESULT_QUAL,9,N
OBS_CLIN,OBSCLINRESULTTEXT,OBSCLIN_RESULT_TEXT,10,N
OBS_CLIN,OBSCLINRESULTSNOMED,OBSCLIN_RESULT_SNOMED,11,N
OBS_CLIN,OBSCLINRESULTNUM,OBSCLIN_RESULT_NUM,12,N
OBS_CLIN,OBSCLINRESULTMODIFIER,OBSCLIN_RESULT_MODIFIER,13,N
OBS_CLIN,OBSCLINRESULTUNIT,OBSCLIN_RESULT_UNIT,14,N
OBS_CLIN,ROBSCLINNAME,RAW_OBSCLIN_NAME,15,N
OBS_CLIN,ROBSCLINCODE,RAW_OBSCLIN_CODE,16,N
OBS_CLIN,ROBSCLINTYPE,RAW_OBSCLIN_TYPE,17,N
OBS_CLIN,ROBSCLINRESULT,RAW_OBSCLIN_RESULT,18,N
OBS_CLIN,ROBSCLINMODIFIER,RAW_OBSCLIN_MODIFIER,19,N
OBS_CLIN,ROBSCLINUNIT,RAW_OBSCLIN_UNIT,20,N
OBS_GEN,OBSGENID,OBSGENID,1,Y
OBS_GEN,PATID,PATID,2,Y
OBS_GEN,ENCOUNTERID,ENCOUNTERID,3,N
OBS_GEN,OBSGENPROVIDERID,OBSGEN_PROVIDERID,4,N
OBS_GEN,OBSGENDATE,OBSGEN_DATE,5,Y
OBS_GEN,OBSGENTIME,OBSGEN_TIME,6,N
OBS_GEN,OBSGENTYPE,OBSGEN_TYPE,7,N
OBS_GEN,OBSGENCODE,OBSGEN_CODE,8,N
OBS_GEN,OBSGENRESULTQUAL,OBSGEN_RESULT_QUAL,9,N
OBS_GEN,OBSGENRESULTTEXT,OBSGEN_RESULT_TEXT,10,N
OBS_GEN,OBSGENRESULTNUM,OBSGEN_RESULT_NUM,11,N
OBS_GEN,OBSGENRESULTMODIFIER,OBSGEN_RESULT_MODIFIER,12,N
OBS_GEN,OBSGENRESULTUNIT,OBSGEN_RESULT_UNIT,13,N
OBS_GEN,OBSGENTABLEMODIFIED,OBSGEN_TABLE_MODIFIED,14,N
OBS_GEN,OBSGENIDMODIFIED,OBSGEN_ID_MODIFIED,15,N
OBS_GEN,ROBSGENNAME,RAW_OBSGEN_NAME,16,N
OBS_GEN,ROBSGENCODE,RAW_OBSGEN_CODE,17,N
OBS_GEN,ROBSGENTYPE,RAW_OBSGEN_TYPE,18,N
OBS_GEN,ROBSGENRESULT,RAW_OBSGEN_RESULT,19,N
OBS_GEN,ROBSGENUNIT,RAW_OBSGEN_UNIT,20,N
HARVEST,NETWORKID,NETWORKID,1,Y
HARVEST,NETWORKNAME,NETWORK_NAME,2,N
HARVEST,DATAMARTID,DATAMARTID,3,Y
HARVEST,DATAMARTNAME,DATAMART_NAME,4,N
HARVEST,DATAMARTPLATFORM,DATAMART_PLATFORM,5,N
HARVEST,CDMVERSION,CDM_VERSION,6,N
HARVEST,DATAMARTCLAIMS,DATAMART_CLAIMS,7,N
HARVEST,DATAMARTEHR,DATAMART_EHR,8,N
HARVEST,BIRTHDATEMGMT,BIRTH_DATE_MGMT,9,N
HARVEST,ENRSTARTDATEMGMT,ENR_START_DATE_MGMT,10,N
HARVEST,ENRENDDATEMGMT,ENR_END_DATE_MGMT,11,N
HARVEST,ADMITDATEMGMT,ADMIT_DATE_MGMT,12,N
HARVEST,DISCHARGEDATEMGMT,DISCHARGE_DATE_MGMT,13,N
HARVEST,PXDATEMGMT,PX_DATE_MGMT,14,N
HARVEST,RXORDERDATEMGMT,RX_ORDER_DATE_MGMT,15,N
HARVEST,RXSTARTDATEMGMT,RX_START_DATE_MGMT,16,N
HARVEST,RXENDDATEMGMT,RX_END_DATE_MGMT,17,N
HARVEST,DISPENSEDATEMGMT,DISPENSE_DATE_MGMT,18,N
HARVEST,LABORDERDATEMGMT,LAB_ORDER_DATE_MGMT,19,N
HARVEST,SPECIMENDATEMGMT,SPECIMEN_DATE_MGMT,20,N
HARVEST,RESULTDATEMGMT,RESULT_DATE_MGMT,21,N
HARVEST,MEASUREDATEMGMT,MEASURE_DATE_MGMT,22,N
HARVEST,ONSETDATEMGMT,ONSET_DATE_MGMT,23,N
HARVEST,REPORTDATEMGMT,REPORT_DATE_MGMT,24,N
HARVEST,RESOLVEDATEMGMT,RESOLVE_DATE_MGMT,25,N
HARVEST,PRODATEMGMT,PRO_DATE_MGMT,26,N
HARVEST,DEATHDATEMGMT,DEATH_DATE_MGMT,27,N
HARVEST,MEDADMINSTARTDATEMGMT,MEDADMIN_START_DATE_MGMT,28,N
HARVEST,MEDADMINENDDATEMGMT,MEDADMIN_END_DATE_MGMT,29,N
HARVEST,OBSCLINDATEMGMT,OBSCLIN_DATE_MGMT,30,N
HARVEST,OBSGENDATEMGMT,OBSGEN_DATE_MGMT,31,N
HARVEST,REFRESHDEMOGRAPHICDATE,REFRESH_DEMOGRAPHIC_DATE,32,N
HARVEST,REFRESHENROLLMENTDATE,REFRESH_ENROLLMENT_DATE,33,N
HARVEST,REFRESHENCOUNTERDATE,REFRESH_ENCOUNTER_DATE,34,N
HARVEST,REFRESHDIAGNOSISDATE,REFRESH_DIAGNOSIS_DATE,35,N
HARVEST,REFRESHPROCEDURESDATE,REFRESH_PROCEDURES_DATE,36,N
HARVEST,REFRESHVITALDATE,REFRESH_VITAL_DATE,37,N
HARVEST,REFRESHDISPENSINGDATE,REFRESH_DISPENSING_DATE,38,N
HARVEST,REFRESHLABRESULTCMDATE,REFRESH_LAB_RESULT_CM_DATE,39,N
HARVEST,REFRESHCONDITIONDATE,REFRESH_CONDITION_DATE,40,N
HARVEST,REFRESHPROCMDATE,REFRESH_PRO_CM_DATE,41,N
HARVEST,REFRESHPRESCRIBINGDATE,REFRESH_PRESCRIBING_DATE,42,N
HARVEST,REFRESHPCORNETTRIALDATE,REFRESH_PCORNET_TRIAL_DATE,43,N
HARVEST,REFRESHDEATHDATE,REFRESH_DEATH_DATE,44,N
HARVEST,REFRESHDEATHCAUSEDATE,REFRESH_DEATH_CAUSE_DATE,45,N
HARVEST,REFRESHMEDADMINDATE,REFRESH_MED_ADMIN_DATE,46,N
HARVEST,REFRESHOBSCLINDATE,REFRESH_OBS_CLIN_DATE,47,N
HARVEST,REFRESHPROVIDERDATE,REFRESH_PROVIDER_DATE,48,N
HARVEST,REFRESHOBSGENDATE,REFRESH_OBS_GEN_DATE,49,N
